epoch,total_loss,output_loss,fuse5_loss,fuse4_loss,fuse3_loss,fuse2_loss,fuse1_loss
1,0.2102767378091812,0.030602287501096725,0.03909815102815628,0.03548183664679527,0.030368231236934662,0.029542729258537292,0.029882371425628662
2,0.04461313784122467,0.006595593877136707,0.007107946556061506,0.00606122612953186,0.00715000182390213,0.0073454552330076694,0.007055113557726145
3,0.10669586062431335,0.013778927735984325,0.023957181721925735,0.019437400624155998,0.01497050654143095,0.013042479753494263,0.014619904570281506
4,0.05015828460454941,0.007048964966088533,0.008349776268005371,0.008160107769072056,0.007981578819453716,0.00775482039898634,0.007338555064052343
5,0.09128709882497787,0.012193175032734871,0.01853041723370552,0.015700813382864,0.013196819461882114,0.013900109566748142,0.011669171042740345
6,0.05080832168459892,0.006819057743996382,0.010301695205271244,0.008451626636087894,0.007792671676725149,0.007121418137103319,0.006912324111908674
7,0.048535335808992386,0.006053498014807701,0.010830785147845745,0.008765460923314095,0.006937768775969744,0.0067489733919501305,0.006172097288072109
8,0.07570352405309677,0.010066703893244267,0.015210879035294056,0.014880270697176456,0.011038961820304394,0.010629663243889809,0.008843692019581795
9,0.07468503713607788,0.010773171670734882,0.01262475736439228,0.01061102282255888,0.012316729873418808,0.011538797989487648,0.011433974839746952
10,0.0770047977566719,0.010150131769478321,0.01780145801603794,0.013625135645270348,0.010247104801237583,0.009917188435792923,0.010188708081841469
11,0.07425926625728607,0.009495481848716736,0.014675171114504337,0.013371704146265984,0.011953805573284626,0.010664072819054127,0.00935128889977932
12,0.09398698061704636,0.013238341547548771,0.017152845859527588,0.014942851848900318,0.014656491577625275,0.014079442247748375,0.01329783909022808
13,0.1361200213432312,0.020774373784661293,0.021421097218990326,0.019451169297099113,0.021342851221561432,0.020157424733042717,0.022585907950997353
14,0.05678267031908035,0.008325401693582535,0.009872106835246086,0.007967805489897728,0.008868316188454628,0.008571837097406387,0.009014503099024296
15,0.05776076763868332,0.007487740367650986,0.01253023836761713,0.010098649188876152,0.008480912074446678,0.0077588544227182865,0.007660499308258295
16,0.0577695295214653,0.00778938177973032,0.012213917449116707,0.009572231210768223,0.00829620286822319,0.007885027676820755,0.00811807718127966
17,0.07959827035665512,0.011457609944045544,0.01477618794888258,0.012385117821395397,0.01191606093198061,0.011747561395168304,0.011586928740143776
18,0.04559314623475075,0.00603715144097805,0.009796950966119766,0.008139957673847675,0.006796663161367178,0.00585330743342638,0.005950544960796833
19,0.0265297032892704,0.002983115380629897,0.007144145201891661,0.0050194826908409595,0.003781096078455448,0.003151837270706892,0.0029584693256765604
20,0.0667286217212677,0.008618407882750034,0.016087545081973076,0.01108754426240921,0.008929398842155933,0.008595563471317291,0.00910095777362585
21,0.048415571451187134,0.0062396167777478695,0.01143060252070427,0.0077238003723323345,0.006989195477217436,0.006300171371549368,0.006612380500882864
22,0.045629773288965225,0.006285292562097311,0.008566020056605339,0.007302329409867525,0.0067071919329464436,0.007100124377757311,0.006526169832795858
23,0.13200178742408752,0.018336612731218338,0.02257068268954754,0.020618397742509842,0.020934008061885834,0.020776068791747093,0.01959771290421486
24,0.052593547850847244,0.006222883705049753,0.013244662433862686,0.00917989294975996,0.007490546442568302,0.006894069258123636,0.0064500500448048115
25,0.06861690431833267,0.008545617572963238,0.015406152233481407,0.01192502211779356,0.010083899833261967,0.008979474194347858,0.009403932839632034
26,0.25465360283851624,0.03433624282479286,0.04463491961359978,0.05160136520862579,0.03758993372321129,0.03421637415885925,0.03510665521025658
27,0.06101685017347336,0.008803860284388065,0.011327309533953667,0.009230493567883968,0.009118628688156605,0.008992154151201248,0.009142471477389336
28,0.046676862984895706,0.006541882175952196,0.008991876617074013,0.007245870307087898,0.006755981594324112,0.006716562435030937,0.007153745274990797
29,0.09279090166091919,0.012981639243662357,0.018372785300016403,0.015118394047021866,0.013818478211760521,0.013147955760359764,0.012860827147960663
30,0.04762084782123566,0.006777970585972071,0.008761809207499027,0.007313168607652187,0.007043988443911076,0.007146148942410946,0.007188775110989809
31,0.0539068765938282,0.007779859006404877,0.008644461631774902,0.00940830260515213,0.008649222552776337,0.0082542160525918,0.007280885241925716
32,0.046122245490550995,0.006363836117088795,0.008936875499784946,0.007599192671477795,0.0068579469807446,0.006646251305937767,0.006536224391311407
33,0.06082184612751007,0.008089939132332802,0.010277419351041317,0.008991685695946217,0.01168052013963461,0.009372979402542114,0.008364330045878887
34,0.056605298072099686,0.007460908032953739,0.01250985637307167,0.009997954592108727,0.008030056022107601,0.007821821607649326,0.007054247427731752
35,0.07800314575433731,0.010083943605422974,0.016802821308374405,0.013948424719274044,0.011612116359174252,0.010644717141985893,0.009869150817394257
36,0.05447274073958397,0.00731804920360446,0.009849144145846367,0.00889754481613636,0.009167136624455452,0.007825800217688084,0.007756041828542948
37,0.03634129464626312,0.004091793671250343,0.009724722243845463,0.006883097812533379,0.00514004984870553,0.004382880870252848,0.004072853829711676
38,0.031019195914268494,0.0040746405720710754,0.006202209275215864,0.00441779475659132,0.00449028704315424,0.004752450156956911,0.0050444938242435455
39,0.050149865448474884,0.006967665161937475,0.00946691632270813,0.007336186245083809,0.00756100844591856,0.007556762546300888,0.007777492515742779
40,0.05481314659118652,0.0072299339808523655,0.012056178413331509,0.0089226383715868,0.0078818304464221,0.007624737452715635,0.007482860237360001
41,0.06687504053115845,0.008969951421022415,0.014028582721948624,0.011556380428373814,0.009786727838218212,0.009246386587619781,0.008802030235528946
42,0.031101934611797333,0.004143050406128168,0.00665206229314208,0.005364258773624897,0.004475110676139593,0.004202085081487894,0.004193841479718685
43,0.03949061781167984,0.004239301662892103,0.010625166818499565,0.007387879304587841,0.0063123940490186214,0.004731099121272564,0.004075123928487301
44,0.04168850556015968,0.005184924695640802,0.010396170429885387,0.007143530994653702,0.00580067653208971,0.005483012646436691,0.0050877295434474945
45,0.0472063347697258,0.005953900516033173,0.010847015306353569,0.008993305265903473,0.0067349886521697044,0.005967364646494389,0.005732812453061342
46,0.05937374383211136,0.008458196185529232,0.010696589015424252,0.009202104061841965,0.009205968119204044,0.008465644903481007,0.009116148576140404
47,0.06894957274198532,0.009564796462655067,0.01347124669700861,0.011265433393418789,0.010098841041326523,0.009813581593334675,0.009953274391591549
48,0.05513043329119682,0.007263439241796732,0.01219227071851492,0.009161829948425293,0.007623488083481789,0.007416722364723682,0.007840961217880249
49,0.06226988881826401,0.008426961489021778,0.013091054745018482,0.010313696227967739,0.008724088780581951,0.00858409982174635,0.008916504681110382
50,0.0395791158080101,0.005451059900224209,0.008168521337211132,0.0060604107566177845,0.005685670766979456,0.005672035273164511,0.0058158887550234795
51,0.03811853379011154,0.0046253446489572525,0.009617832489311695,0.006960560567677021,0.005408201366662979,0.004701788537204266,0.0044921329244971275
52,0.03550231084227562,0.004369298927485943,0.008571622893214226,0.006515910848975182,0.005082802847027779,0.004456685855984688,0.0043213400058448315
53,0.05422435328364372,0.007182228844612837,0.01172220055013895,0.0089012635871768,0.00786431971937418,0.007453949190676212,0.007509278599172831
54,0.040933758020401,0.005581538658589125,0.008520841598510742,0.006492088548839092,0.006123658735305071,0.005686068907380104,0.005738796666264534
55,0.023471323773264885,0.0031838470604270697,0.004710054956376553,0.0036945005413144827,0.0035186049062758684,0.003368871519342065,0.0034035206772387028
56,0.05781157687306404,0.00833925325423479,0.009918647818267345,0.00895061157643795,0.009045819751918316,0.008692964911460876,0.008694648742675781
57,0.05007395148277283,0.006737063638865948,0.010152792558073997,0.009096785448491573,0.007311682216823101,0.006388677284121513,0.007018417585641146
58,0.07072437554597855,0.009546183049678802,0.014840738847851753,0.011944076046347618,0.01019295770674944,0.00969803985208273,0.009729291312396526
59,0.06267943233251572,0.007845120504498482,0.016589723527431488,0.0111312260851264,0.00755019998177886,0.007556709460914135,0.008083893917500973
60,0.03652540221810341,0.004270413424819708,0.009964553639292717,0.006860922556370497,0.004847407806664705,0.004290344659239054,0.004156552720814943
61,0.08761841058731079,0.011273736134171486,0.02000316046178341,0.01460310723632574,0.012816114351153374,0.011934385634958744,0.011351030319929123
62,0.06207112595438957,0.008100204169750214,0.013764195144176483,0.010720470920205116,0.009246308356523514,0.0078105381689965725,0.008379305712878704
63,0.08906577527523041,0.012227050960063934,0.018256595358252525,0.015111962333321571,0.013346506282687187,0.011918896809220314,0.012091240845620632
64,0.056169651448726654,0.007833234965801239,0.01062165480107069,0.008692300878465176,0.008340386673808098,0.008244435302913189,0.00852101668715477
65,0.030547762289643288,0.003984016831964254,0.006763087585568428,0.005344814155250788,0.004329926334321499,0.0041205380111932755,0.00401337118819356
66,0.053214527666568756,0.006623527966439724,0.013036762364208698,0.009249107912182808,0.007669622078537941,0.006977806333452463,0.006345938425511122
67,0.06193801015615463,0.008515622466802597,0.012348901480436325,0.010769839398562908,0.009072070010006428,0.008643219247460365,0.00833054631948471
68,0.09789344668388367,0.012545304372906685,0.02181684412062168,0.01834695041179657,0.013683428056538105,0.01268499344587326,0.0125432712957263
69,0.07596686482429504,0.010131936520338058,0.01627965271472931,0.012990152463316917,0.010966300964355469,0.010254156775772572,0.01027869712561369
70,0.07788217067718506,0.011104254983365536,0.014941769652068615,0.01277688704431057,0.011464937590062618,0.011102491989731789,0.010939700528979301
71,0.024355774745345116,0.00305252056568861,0.006101837381720543,0.0038532863836735487,0.0035154656507074833,0.003187458496540785,0.0031189455185085535
72,0.07009980827569962,0.00910724326968193,0.015531293116509914,0.012468915432691574,0.010031604208052158,0.009027443826198578,0.009379689581692219
73,0.08819007873535156,0.011445303447544575,0.017963388934731483,0.01602635532617569,0.013124464079737663,0.012119712308049202,0.011788202449679375
74,0.282208114862442,0.04336978867650032,0.04526260867714882,0.03510377183556557,0.04039100557565689,0.04540853202342987,0.05098752677440643
75,0.045237861573696136,0.005436442792415619,0.011532783508300781,0.007678839843720198,0.006260992027819157,0.005799711681902409,0.005810871720314026
76,0.06681860238313675,0.009014074690639973,0.013825644738972187,0.010974193923175335,0.00951724499464035,0.009524608962237835,0.009455794468522072
77,0.033437736332416534,0.0038623253349214792,0.008279932662844658,0.006369119975715876,0.004985029809176922,0.004248244687914848,0.0037619227077811956
78,0.037887994199991226,0.004901621025055647,0.009417989291250706,0.00697553064674139,0.0050500258803367615,0.004619486629962921,0.004472531843930483
79,0.05977720022201538,0.008028225041925907,0.01212451420724392,0.009744180366396904,0.008932108990848064,0.008338342420756817,0.00859571248292923
80,0.029008589684963226,0.0038207811303436756,0.006592671852558851,0.004893696866929531,0.004062351305037737,0.0038853937294334173,0.003843305865302682
81,0.0862848162651062,0.010721751488745213,0.02087785117328167,0.014624012634158134,0.012278744019567966,0.011057138442993164,0.011364448815584183
82,0.10783701390028,0.015238091349601746,0.019931329414248466,0.017036722972989082,0.01580960862338543,0.0158245787024498,0.016377635300159454
83,0.0398099310696125,0.00520841171965003,0.008802038617432117,0.006624634377658367,0.0057925693690776825,0.005456774029880762,0.005321292672306299
84,0.04912310093641281,0.006898526567965746,0.009160609915852547,0.007580572739243507,0.007552722003310919,0.007217800244688988,0.007263606879860163
85,0.08877851068973541,0.012688929215073586,0.0160620529204607,0.013598402962088585,0.012956355698406696,0.013697277754545212,0.013431024737656116
86,0.061306629329919815,0.008565033785998821,0.011627492494881153,0.00987677089869976,0.00930841639637947,0.008888348005712032,0.008758052252233028
87,0.028572171926498413,0.0037264260463416576,0.0065883672796189785,0.005008389241993427,0.003973891027271748,0.003616110887378454,0.0037957753520458937
88,0.09926491230726242,0.012655104510486126,0.023013392463326454,0.016471749171614647,0.014375327154994011,0.012978432700037956,0.013443351723253727
89,0.025712627917528152,0.003616572357714176,0.004946081433445215,0.004060851875692606,0.003730404656380415,0.0037015420384705067,0.0038488905411213636
90,0.05604423210024834,0.007375558838248253,0.012511205859482288,0.009559929370880127,0.008023211732506752,0.007492631208151579,0.007393915671855211
91,0.06000620499253273,0.008475998416543007,0.010860267095267773,0.008974078111350536,0.008767678402364254,0.008837860077619553,0.009852323681116104
92,0.04812859371304512,0.006300352048128843,0.011115262284874916,0.007849408313632011,0.006612701807171106,0.006390014197677374,0.006710682064294815
93,0.062096163630485535,0.008752239868044853,0.011821570806205273,0.009761225432157516,0.009151050820946693,0.009123324416577816,0.009110629558563232
94,0.057228006422519684,0.008163832128047943,0.010627365671098232,0.009390408173203468,0.008498702198266983,0.008335505612194538,0.008130272850394249
95,0.022004980593919754,0.002922822954133153,0.004801498726010323,0.003684018971398473,0.0031786924228072166,0.002917234320193529,0.0030393016058951616
96,0.041157953441143036,0.005220496561378241,0.0099217863753438,0.007015581242740154,0.0055747139267623425,0.005279036238789558,0.005536088719964027
97,0.04286293685436249,0.005488002672791481,0.008850173093378544,0.00799519382417202,0.006364357657730579,0.0057886759750545025,0.005632532760500908
98,0.04140275716781616,0.005689897108823061,0.008387931622564793,0.006665568798780441,0.006245624274015427,0.005814338568598032,0.005754449870437384
99,0.1227625235915184,0.017024772241711617,0.02612164244055748,0.02138390578329563,0.019724631682038307,0.01524878665804863,0.014746403321623802
100,0.07457759231328964,0.010067320428788662,0.014687351882457733,0.012715868651866913,0.010765342973172665,0.010483136400580406,0.010824909433722496
101,0.08414093405008316,0.010843422263860703,0.019802436232566833,0.012731536291539669,0.01202037837356329,0.012259642593562603,0.011061808094382286
102,0.03598220273852348,0.004504159092903137,0.008599972352385521,0.006378007121384144,0.005189989693462849,0.004646729677915573,0.004411265719681978
103,0.03652363270521164,0.004474907647818327,0.0085348691791296,0.006715262774378061,0.005473338067531586,0.004665912128984928,0.0044218916445970535
104,0.034788984805345535,0.0048241694457829,0.006860137451440096,0.005245336797088385,0.005157699808478355,0.005270758178085089,0.005018796771764755
105,0.03241380304098129,0.0041579981334507465,0.007126569282263517,0.006213306449353695,0.004653525073081255,0.004103691782802343,0.004079711157828569
106,0.05131060257554054,0.007172779180109501,0.009849445894360542,0.008257937617599964,0.007728936150670052,0.007459425833076239,0.0072556911036372185
107,0.039964281022548676,0.005533380899578333,0.007977593690156937,0.006337865721434355,0.00579397939145565,0.005773389711976051,0.005781384184956551
108,0.039980996400117874,0.005279152654111385,0.008601786568760872,0.0063821617513895035,0.005922393873333931,0.005567055195569992,0.00558887142688036
109,0.11281701922416687,0.01589059829711914,0.02106962539255619,0.01742733269929886,0.016958780586719513,0.016892869025468826,0.01663251593708992
110,0.026744265109300613,0.003283450845628977,0.006672537885606289,0.004471230320632458,0.0037329562474042177,0.00342215015552938,0.0035202123690396547
111,0.035754479467868805,0.004629148636013269,0.0075784726068377495,0.006290137767791748,0.005215253680944443,0.004955772310495377,0.004771121311932802
112,0.06153099611401558,0.009159156121313572,0.009392952546477318,0.008454233407974243,0.009878067299723625,0.01010105386376381,0.009965956211090088
113,0.025844350457191467,0.003285028273239732,0.0061050537042319775,0.004281426779925823,0.0036751891020685434,0.0035325605422258377,0.003322577103972435
114,0.0407952181994915,0.005931624211370945,0.00684357201680541,0.007089830935001373,0.005935304332524538,0.005981151480227709,0.006047922186553478
115,0.09492190182209015,0.011858794838190079,0.02276889979839325,0.01605011709034443,0.013404742814600468,0.012647421099245548,0.012262534350156784
116,0.03175438940525055,0.004088205751031637,0.007213137112557888,0.00544362748041749,0.004566596355289221,0.004150931723415852,0.0042477878741919994
117,0.03178314492106438,0.004359384533017874,0.0067784227430820465,0.00523819774389267,0.004411132074892521,0.004318647552281618,0.004497668705880642
118,0.05047906935214996,0.006648292765021324,0.01087415125221014,0.008351500146090984,0.007396210916340351,0.00691439863294363,0.006970367394387722
119,0.03959565609693527,0.0052724797278642654,0.008647264912724495,0.006381889805197716,0.005941586568951607,0.00543757202103734,0.005278624128550291
120,0.03803936392068863,0.005074912216514349,0.008036306127905846,0.006031272001564503,0.00568827660754323,0.00538358511403203,0.005287557374686003
121,0.07451031357049942,0.010243725962936878,0.01470274105668068,0.011669601313769817,0.011284271255135536,0.010964455083012581,0.010523653589189053
122,0.029135700315237045,0.003954231273382902,0.006039215251803398,0.004517915192991495,0.004334832075983286,0.0041829668916761875,0.004129423759877682
123,0.023594405502080917,0.0031460297759622335,0.005291399080306292,0.0037742943968623877,0.0034280382096767426,0.003240195568650961,0.003141433699056506
124,0.05344972759485245,0.006794779095798731,0.01278886292129755,0.009234759956598282,0.007578064221888781,0.0067536961287260056,0.006902175024151802
125,0.03209556266665459,0.004341019317507744,0.006890859920531511,0.004939919803291559,0.004388194065541029,0.004440098535269499,0.004924959968775511
126,0.08689744770526886,0.011619383469223976,0.01691228523850441,0.012866128236055374,0.012608467601239681,0.012953143566846848,0.014128340408205986
127,0.046551045030355453,0.006572117563337088,0.008882792666554451,0.007268858607858419,0.0070549361407756805,0.006717287003993988,0.006768995430320501
128,0.03490492329001427,0.00435170903801918,0.008076626807451248,0.006389946676790714,0.0049378881230950356,0.00453630555421114,0.0044365921057760715
129,0.026972610503435135,0.0032362816855311394,0.007086710073053837,0.004577120300382376,0.0036520930007100105,0.003418454434722662,0.00338380946777761
130,0.052597932517528534,0.00708117475733161,0.011247240006923676,0.00827963836491108,0.007543459068983793,0.007419724483042955,0.007486110087484121
131,0.028789658099412918,0.0036910902708768845,0.006706548854708672,0.0049294657073915005,0.004088470712304115,0.003752506338059902,0.0037760331761091948
132,0.03360772505402565,0.004623997490853071,0.006511411629617214,0.005536959040910006,0.004925490356981754,0.00494473846629262,0.00475313188508153
133,0.037021007388830185,0.004729843232780695,0.008329288102686405,0.006326119415462017,0.005431950092315674,0.004901294130831957,0.004937589168548584
134,0.039589110761880875,0.004852942656725645,0.009891921654343605,0.006800923030823469,0.0053286622278392315,0.005039297044277191,0.005248891655355692
135,0.042816925793886185,0.005428040400147438,0.009746403433382511,0.007694706786423922,0.0060578761622309685,0.005512022878974676,0.005663856863975525
136,0.02297521010041237,0.0027948382776230574,0.005812260787934065,0.0040212650783360004,0.003302512224763632,0.002868538023903966,0.002778376452624798
137,0.04270695522427559,0.0054045007564127445,0.009521307423710823,0.007505189161747694,0.0062812925316393375,0.0058195083402097225,0.005472907330840826
138,0.03527408838272095,0.004686001222580671,0.007458623964339495,0.005695230793207884,0.005118050612509251,0.005066836718469858,0.00490634236484766
139,0.0644633024930954,0.009070335887372494,0.013759821653366089,0.010164901614189148,0.008747872896492481,0.008797237649559975,0.009387966245412827
140,0.08522816002368927,0.012172584421932697,0.01640433631837368,0.013584209606051445,0.012481971643865108,0.012392314150929451,0.01210644468665123
141,0.09609372913837433,0.012118141166865826,0.022081483155488968,0.01624671183526516,0.014103611931204796,0.012912352569401264,0.01257235649973154
142,0.050796885043382645,0.007259216625243425,0.00863559264689684,0.008030599914491177,0.008252344094216824,0.007834200747311115,0.007155320607125759
143,0.034427594393491745,0.004412111360579729,0.00835511926561594,0.005735735408961773,0.004561258479952812,0.004512280225753784,0.004645033739507198
144,0.025814488530158997,0.0034652715548872948,0.005215930286794901,0.00430822279304266,0.003963854163885117,0.0036053021904081106,0.0035232710652053356
145,0.021072130650281906,0.002795466221868992,0.004406408406794071,0.0036042428109794855,0.003032315755262971,0.0029429770074784756,0.002892987569794059
146,0.02044442854821682,0.002727653831243515,0.004265110474079847,0.0032845463138073683,0.0030034235678613186,0.002862106077373028,0.002937761601060629
147,0.02407316491007805,0.003225053194910288,0.00487129483371973,0.003973889630287886,0.0034120692871510983,0.003487284993752837,0.003491046605631709
148,0.05360134690999985,0.006617710925638676,0.012857716530561447,0.009436297230422497,0.007851393893361092,0.006754637695848942,0.006774738896638155
149,0.04899366945028305,0.006920966319739819,0.009440279565751553,0.007276363670825958,0.007270816247910261,0.00726217869669199,0.007362582720816135
