epoch,train_loss,val_loss,iou,f1,acc,precision,recall
1,-3.701679895701632e+22,,,,,,
2,-4.300435943140335e+22,,,,,,
3,-6.975187712950381e+22,,,,,,
4,-3.2742074514508607e+22,,,,,,
5,-5.562938133160435e+22,-7.456660626847152e+22,0.04326645734440767,0.08085239259905587,0.04326645734440767,0.04326645734440767,0.9999999999985724
6,-2.437287995277887e+22,,,,,,
7,-7.631704452229942e+22,,,,,,
8,-2.4580565701394874e+23,,,,,,
9,-7.869740296504768e+21,,,,,,
10,-2.581833322154153e+23,-1.0419948800835963e+23,0.04326645734440767,0.08085239259905587,0.04326645734440767,0.04326645734440767,0.9999999999985724
11,-1.888214848280403e+23,,,,,,
12,-4.770787384623282e+22,,,,,,
13,-1.85716559129743e+22,,,,,,
14,-1.1428080411396387e+23,,,,,,
15,-8.424829779726458e+22,-1.2748337871835517e+23,0.04326645734440767,0.08085239259905587,0.04326645734440767,0.04326645734440767,0.9999999999985724
16,-2.253547435520649e+22,,,,,,
17,-4.823013377702084e+22,,,,,,
18,-7.74850260640602e+22,,,,,,
19,-1.4383097491057177e+23,,,,,,
20,-2.6601950549504742e+23,-1.4633039118290839e+23,0.04326645734440767,0.08085239259905587,0.04326645734440767,0.04326645734440767,0.9999999999985724
21,-1.1950887979899095e+23,,,,,,
22,-2.051239750471662e+23,,,,,,
23,-6.099568690071424e+23,,,,,,
24,-2.4158742347336695e+23,,,,,,
25,-4.35969304602938e+23,-1.612845763749043e+23,0.04326645734440767,0.08085239259905587,0.04326645734440767,0.04326645734440767,0.9999999999985724
26,-4.861562839432487e+22,,,,,,
27,-1.723003358398063e+23,,,,,,
28,-4.992130299109287e+23,,,,,,
29,-1.0928236697393641e+23,,,,,,
30,-3.9211069338701576e+23,-1.717479043212267e+23,0.04326645734440767,0.08085239259905587,0.04326645734440767,0.04326645734440767,0.9999999999985724
31,-2.301361026864535e+22,,,,,,
32,-6.007132217647652e+22,,,,,,
33,-1.7164102686875776e+23,,,,,,
34,-1.5679613567622956e+23,,,,,,
35,-2.7611632365803294e+23,-1.8206014360462174e+23,0.04326645734440767,0.08085239259905587,0.04326645734440767,0.04326645734440767,0.9999999999985724
36,-7.875036642256547e+22,,,,,,
37,-2.4900895934250632e+23,,,,,,
38,-2.4043154760740455e+23,,,,,,
39,-1.1922692744071979e+23,,,,,,
40,-2.4069473796962808e+23,-1.9224953916298407e+23,0.04326645734440767,0.08085239259905587,0.04326645734440767,0.04326645734440767,0.9999999999985724
41,-1.0835798513602011e+23,,,,,,
42,-6.420273081984223e+22,,,,,,
43,-7.67320332135631e+22,,,,,,
44,-9.634582208031094e+22,,,,,,
45,-2.4918941407597543e+22,-2.0289128877158432e+23,0.04326645734440767,0.08085239259905587,0.04326645734440767,0.04326645734440767,0.9999999999985724
46,-5.3017888022880275e+23,,,,,,
47,-1.7420433166146897e+23,,,,,,
48,-8.651767065669583e+22,,,,,,
49,-1.2083632479635766e+23,,,,,,
50,-1.7229640870093122e+23,-2.131677134426028e+23,0.04326645734440767,0.08085239259905587,0.04326645734440767,0.04326645734440767,0.9999999999985724
51,-3.5601174830025587e+23,,,,,,
52,-3.8527727358601545e+22,,,,,,
53,-1.2029501013554623e+23,,,,,,
54,-5.871353192482059e+22,,,,,,
55,-2.7926291666008267e+23,-2.2333886646995618e+23,0.04326645734440767,0.08085239259905587,0.04326645734440767,0.04326645734440767,0.9999999999985724
56,-1.1762287135423999e+23,,,,,,
57,-2.7853252287251572e+23,,,,,,
58,-2.9328934167073106e+23,,,,,,
59,-2.989311990823217e+23,,,,,,
60,-3.62674540222174e+22,-2.332482881730982e+23,0.04326645734440767,0.08085239259905587,0.04326645734440767,0.04326645734440767,0.9999999999985724
61,-2.034317384799825e+23,,,,,,
62,-1.757829874460504e+23,,,,,,
63,-2.6488802112466686e+23,,,,,,
64,-3.9212161911971176e+22,,,,,,
65,-2.0342658636200877e+23,-2.430976869455458e+23,0.04326645734440767,0.08085239259905587,0.04326645734440767,0.04326645734440767,0.9999999999985724
66,-3.163147513704001e+23,,,,,,
67,-1.999930420061015e+23,,,,,,
68,-3.310321546646767e+23,,,,,,
69,-1.05578291388413e+23,,,,,,
70,-3.1987475680384395e+23,-2.5283044443065322e+23,0.04326645734440767,0.08085239259905587,0.04326645734440767,0.04326645734440767,0.9999999999985724
71,-2.3212705400972143e+23,,,,,,
72,-1.9040943604225262e+23,,,,,,
73,-2.4184938885649184e+23,,,,,,
74,-2.933080586307824e+23,,,,,,
75,-2.1001492027128758e+23,-2.626179342879238e+23,0.04326645734440767,0.08085239259905587,0.04326645734440767,0.04326645734440767,0.9999999999985724
76,-2.606757683643902e+23,,,,,,
77,-1.0001611166142982e+23,,,,,,
78,-7.936532394448365e+22,,,,,,
79,-1.607445135271393e+23,,,,,,
80,-1.8132785533606598e+23,-2.71681879824343e+23,0.04326645734440767,0.08085239259905587,0.04326645734440767,0.04326645734440767,0.9999999999985724
81,-1.5483928560934006e+23,,,,,,
82,-1.5522699149406113e+23,,,,,,
83,-2.7189520781368963e+23,,,,,,
84,-9.870454635634922e+22,,,,,,
85,-3.417670788516651e+23,-2.7839572146372587e+23,0.04326645734440767,0.08085239259905587,0.04326645734440767,0.04326645734440767,0.9999999999985724
86,-1.2397110936018442e+23,,,,,,
87,-2.1959416675069717e+23,,,,,,
88,-1.9650502210910157e+23,,,,,,
89,-1.904892037988526e+22,,,,,,
90,-1.8379892640840864e+23,-2.8487491789500183e+23,0.04326645734440767,0.08085239259905587,0.04326645734440767,0.04326645734440767,0.9999999999985724
91,-4.191504226433385e+22,,,,,,
92,-2.385844232418363e+23,,,,,,
93,-3.861024951673363e+23,,,,,,
94,-4.5112078284369906e+23,,,,,,
95,-1.0095510317653731e+23,-2.9179138290447525e+23,0.04326645734440767,0.08085239259905587,0.04326645734440767,0.04326645734440767,0.9999999999985724
96,-1.789145384253447e+23,,,,,,
97,-5.188303045637881e+22,,,,,,
98,-5.748680092592076e+22,,,,,,
99,-7.443514336040862e+22,,,,,,
100,-2.5721804868568322e+23,-2.9855695655191577e+23,0.04326645734440767,0.08085239259905587,0.04326645734440767,0.04326645734440767,0.9999999999985724
101,-6.526678549516195e+23,,,,,,
102,-9.547896021683541e+22,,,,,,
103,-1.793362735088502e+23,,,,,,
104,-1.4642010334354633e+23,,,,,,
105,-1.3860588060849802e+23,-3.054233117993239e+23,0.04326645734440767,0.08085239259905587,0.04326645734440767,0.04326645734440767,0.9999999999985724
106,-3.065329329797514e+23,,,,,,
107,-8.63455701005355e+22,,,,,,
108,-3.4548027873003357e+23,,,,,,
109,-1.4691286019317544e+23,,,,,,
110,-2.557125313590503e+23,-3.12858830404681e+23,0.04326645734440767,0.08085239259905587,0.04326645734440767,0.04326645734440767,0.9999999999985724
111,-7.65136356532334e+22,,,,,,
112,-6.357658815788951e+23,,,,,,
113,-1.9815440242223123e+23,,,,,,
114,-1.8239481213098558e+23,,,,,,
115,-6.891987312714413e+22,-3.199723969387943e+23,0.04326645734440767,0.08085239259905587,0.04326645734440767,0.04326645734440767,0.9999999999985724
116,-8.38754808129116e+22,,,,,,
117,-8.750561629975284e+22,,,,,,
118,-3.724283056907438e+23,,,,,,
119,-1.056745963628447e+23,,,,,,
120,-2.0975718827181242e+23,-3.2704281197654373e+23,0.04326645734440767,0.08085239259905587,0.04326645734440767,0.04326645734440767,0.9999999999985724
121,-1.277858023597553e+23,,,,,,
122,-4.922390707799567e+22,,,,,,
123,-5.480986130741174e+22,,,,,,
124,-3.206055649225766e+23,,,,,,
125,-2.0788307833727697e+23,-3.342126272490903e+23,0.04326645734440767,0.08085239259905587,0.04326645734440767,0.04326645734440767,0.9999999999985724
126,-1.2443772731757628e+23,,,,,,
127,-4.278487380140367e+23,,,,,,
128,-2.377435111194137e+23,,,,,,
129,-1.8058229342495405e+23,,,,,,
130,-2.0300764351027226e+23,-3.406294154285806e+23,0.04326645734440767,0.08085239259905587,0.04326645734440767,0.04326645734440767,0.9999999999985724
131,-7.750462572963851e+22,,,,,,
132,-3.4777891597984347e+23,,,,,,
133,-3.06528393351327e+23,,,,,,
134,-2.7866725255896814e+23,,,,,,
135,-2.6117887448596303e+23,-3.476249835431597e+23,0.04326645734440767,0.08085239259905587,0.04326645734440767,0.04326645734440767,0.9999999999985724
136,-6.43809742858943e+22,,,,,,
137,-3.42361517973681e+23,,,,,,
138,-5.3730789829494515e+22,,,,,,
139,-2.402870721313585e+23,,,,,,
140,-6.810142495966283e+22,-3.5468612374051956e+23,0.04326645734440767,0.08085239259905587,0.04326645734440767,0.04326645734440767,0.9999999999985724
141,-2.4629845889957413e+23,,,,,,
142,-3.4014772854085075e+23,,,,,,
143,-9.390484406067836e+22,,,,,,
144,-2.387268991196478e+23,,,,,,
145,-2.2621890775936364e+23,-3.6236315624175824e+23,0.04326645734440767,0.08085239259905587,0.04326645734440767,0.04326645734440767,0.9999999999985724
146,-3.105166730949353e+23,,,,,,
147,-2.525597414039133e+23,,,,,,
148,-2.9855947196907852e+23,,,,,,
149,-2.432816416243867e+23,,,,,,
150,-1.2760228067493996e+23,-3.6983715354532406e+23,0.04326645734440767,0.08085239259905587,0.04326645734440767,0.04326645734440767,0.9999999999985724
